latitude,longitude,brightness,scan,track,acq_date,acq_time,satellite,instrument,confidence,version,bright_t31,frp,daynight,type
25.1065,89.7096,307.5,1,1,2002-02-01,0443,Terra,MODIS,0,6.2,297.2,6,D,0
24.5351,91.9085,309.3,1.8,1.3,2002-02-06,0502,Terra,MODIS,67,6.2,295.1,15.1,D,0
24.5875,91.9232,315.9,1,1,2002-02-10,0437,Terra,MODIS,72,6.2,300,9.1,D,0
22.3493,91.8543,316,1,1,2002-02-10,0437,Terra,MODIS,62,6.2,298.9,6.6,D,0
24.1985,91.7207,328.4,1.4,1.2,2002-02-15,0455,Terra,MODIS,84,6.2,299.9,37,D,0
22.8985,92.2735,304.5,1.3,1.1,2002-02-18,1622,Terra,MODIS,60,6.2,290.8,9.8,N,0
24.2263,91.681,319.6,2.9,1.6,2002-02-20,0514,Terra,MODIS,76,6.2,298.9,59.9,D,0
24.22,91.7021,310.8,3,1.6,2002-02-20,0514,Terra,MODIS,63,6.2,298.6,26,D,0
24.2257,91.6739,317.2,2.9,1.6,2002-02-20,0514,Terra,MODIS,74,6.2,299,50.4,D,0
22.8844,89.5237,317.7,1.7,1.3,2002-02-23,1641,Terra,MODIS,96,6.2,292.2,35.1,N,0
24.3206,91.5698,319.7,1.1,1.1,2002-02-24,0449,Terra,MODIS,75,6.2,301.8,12.9,D,0
22.3971,91.774,316.8,1.2,1.1,2002-02-24,0450,Terra,MODIS,71,6.2,301.2,10.8,D,0
24.5815,91.9221,313.9,1,1,2002-02-26,0437,Terra,MODIS,67,6.2,299.9,6.8,D,0
24.58,91.9319,312.4,1,1,2002-02-26,0437,Terra,MODIS,64,6.2,299.3,5.6,D,0
25.4866,89.6543,315.6,1.2,1.1,2002-02-26,0437,Terra,MODIS,0,6.2,304.3,11.6,D,0
25.4748,89.6544,309.7,1.8,1.3,2002-02-28,0424,Terra,MODIS,0,6.2,299,14.7,D,0
24.9657,91.9391,311.8,1.3,1.1,2002-02-28,0424,Terra,MODIS,59,6.2,299.2,7,D,0
22.2754,91.7962,316.3,1.2,1.1,2002-02-28,0425,Terra,MODIS,53,6.2,301.8,9.3,D,0
24.2419,91.7852,314.4,1.3,1.1,2002-02-28,0425,Terra,MODIS,68,6.2,298.2,10.2,D,0
24.2435,91.7726,313.3,1.3,1.1,2002-02-28,0425,Terra,MODIS,66,6.2,300.5,8.9,D,0
24.1996,91.3788,317.7,1.4,1.2,2002-02-28,0425,Terra,MODIS,72,6.2,303.5,13.5,D,0
25.4875,89.6666,314.1,1.6,1.2,2002-03-01,0507,Terra,MODIS,0,6.2,303.8,15,D,0
21.4157,92.194,312.8,1.8,1.3,2002-03-02,0413,Terra,MODIS,64,6.2,300.6,10.7,D,0
22.8886,91.6968,314.8,1,1,2002-03-05,0443,Terra,MODIS,58,6.2,301.7,5.4,D,0
24.2599,91.745,326.6,1.1,1,2002-03-07,0431,Terra,MODIS,81,6.2,304.1,19.1,D,0
23.4988,91.9716,343.8,1,1,2002-03-08,1610,Terra,MODIS,100,6.2,291.5,51,N,0
23.4885,91.9634,322,1,1,2002-03-08,1610,Terra,MODIS,100,6.2,290.1,20.6,N,0
23.4899,91.9731,370,1,1,2002-03-08,1610,Terra,MODIS,100,6.2,294.2,117.7,N,0
23.4974,91.9619,339.9,1,1,2002-03-08,1610,Terra,MODIS,100,6.2,290.3,44.2,N,0
25.0681,89.6826,307,2.3,1.5,2002-03-09,0418,Terra,MODIS,0,6.2,292.7,15.6,D,0
24.9235,89.6002,313.5,1.3,1.1,2002-03-10,0501,Terra,MODIS,0,6.2,298.6,8.8,D,0
25.479,89.6616,309.2,1.3,1.1,2002-03-10,0501,Terra,MODIS,0,6.2,293.2,5.6,D,0
24.7195,89.6492,314.8,1.3,1.1,2002-03-10,0501,Terra,MODIS,0,6.2,301.4,10.5,D,0
25.0654,89.6734,316.3,1.3,1.1,2002-03-10,0501,Terra,MODIS,0,6.2,300.1,11.5,D,0
21.7509,92.4512,306.2,1.2,1.1,2002-03-10,1557,Terra,MODIS,67,6.2,288.3,9.3,N,0
22.3388,92.071,324.9,1,1,2002-03-14,0437,Terra,MODIS,79,6.2,301.3,16.1,D,0
24.1481,91.4135,317.7,1,1,2002-03-14,0437,Terra,MODIS,76,6.2,298.9,7.7,D,0
22.3401,92.065,313.6,4.4,1.9,2002-03-15,0520,Terra,MODIS,46,6.2,297.7,51.9,D,0
22.3417,92.0703,315,4.4,1.9,2002-03-15,0520,Terra,MODIS,63,6.2,297.9,65.5,D,0
21.9375,92.0016,304.1,1.1,1,2002-03-15,1615,Terra,MODIS,48,6.2,291.9,6.4,N,0
22.6179,91.6957,319.2,1.3,1.1,2002-03-16,0425,Terra,MODIS,68,6.2,301.5,12,D,0
21.9361,92.0057,317.1,1.2,1.1,2002-03-16,0425,Terra,MODIS,58,6.2,300.5,7.4,D,0
24.3296,91.5906,318.9,2.2,1.4,2002-03-17,0507,Terra,MODIS,72,6.2,301.7,24.8,D,0
23.5318,91.9566,311.6,2.5,1.5,2002-03-17,0507,Terra,MODIS,45,6.2,299.8,17.2,D,0
24.9942,92.119,315.8,2.3,1.5,2002-03-17,0507,Terra,MODIS,67,6.2,301.1,16.9,D,0
24.3272,91.6057,317.3,2.2,1.4,2002-03-17,0507,Terra,MODIS,69,6.2,301.1,22,D,0
21.4198,92.1209,315.6,2.8,1.6,2002-03-17,0508,Terra,MODIS,65,6.2,303.2,30.6,D,0
21.425,92.0946,311.5,2.8,1.6,2002-03-17,0508,Terra,MODIS,51,6.2,301.5,15.7,D,0
22.9618,90.0266,314.6,1.8,1.3,2002-03-17,0508,Terra,MODIS,51,6.2,301.9,13.6,D,0
22.374,92.3289,316.9,3.6,1.8,2002-03-18,1646,Terra,MODIS,94,6.2,293,97.8,N,0
22.3648,92.3365,314.1,3.6,1.8,2002-03-18,1646,Terra,MODIS,89,6.2,292.9,82.6,N,0
23.5034,91.9737,307.4,3.4,1.7,2002-03-18,1646,Terra,MODIS,71,6.2,292.2,49.9,N,0
23.5133,91.9666,310.5,3.4,1.7,2002-03-18,1647,Terra,MODIS,80,6.2,292.4,65,N,0
23.4092,92.2641,312.8,1.6,1.2,2002-03-19,0455,Terra,MODIS,52,6.2,302.1,12.2,D,0
23.5123,91.9549,348.8,1.5,1.2,2002-03-19,0455,Terra,MODIS,94,6.2,307.1,93.2,D,0
23.5097,91.9691,325.7,1.5,1.2,2002-03-19,0455,Terra,MODIS,77,6.2,305.3,28.2,D,0
23.5015,91.953,320,1.5,1.2,2002-03-19,0455,Terra,MODIS,71,6.2,305.7,17.6,D,0
23.5095,91.9489,322.3,1.5,1.2,2002-03-19,0455,Terra,MODIS,75,6.2,305.3,21.7,D,0
23.5071,91.963,329.6,1.5,1.2,2002-03-19,0455,Terra,MODIS,82,6.2,307.8,37.4,D,0
23.4963,91.9608,317.5,1.5,1.2,2002-03-19,0455,Terra,MODIS,64,6.2,306.5,13.9,D,0
24.72,89.6563,314.5,2.7,1.6,2002-03-31,0519,Terra,MODIS,0,6.2,297.4,33.6,D,0
24.2912,89.306,318.9,2.6,1.5,2002-03-31,0520,Terra,MODIS,65,6.2,298.2,39.8,D,0
22.8013,91.5902,318.6,1.1,1,2002-04-08,0431,Terra,MODIS,65,6.2,300.6,9.9,D,0
22.0542,92.2641,332.3,1,1,2002-04-08,0431,Terra,MODIS,83,6.2,305.8,23.2,D,0
22.7921,91.5887,326.6,1.1,1,2002-04-08,0431,Terra,MODIS,78,6.2,300.8,18.6,D,0
22.7906,91.5992,313.7,1.1,1,2002-04-08,0431,Terra,MODIS,33,6.2,299.9,4.8,D,0
22.0438,92.2726,343.6,1,1,2002-04-08,0431,Terra,MODIS,91,6.2,305.2,41.8,D,0
22.0452,92.2625,339.5,1,1,2002-04-08,0431,Terra,MODIS,89,6.2,305.7,34.3,D,0
22.0528,92.2741,339.2,1,1,2002-04-08,0431,Terra,MODIS,89,6.2,305,34.1,D,0
22.0191,92.5035,321.9,3.8,1.8,2002-04-09,0514,Terra,MODIS,62,6.2,290.7,99.7,D,0
22.5299,92.2018,315.2,3.5,1.8,2002-04-09,0514,Terra,MODIS,0,6.2,291.3,50,D,0
21.8072,92.5084,338.9,3.8,1.8,2002-04-09,0514,Terra,MODIS,89,6.2,294.2,237.9,D,0
21.8148,92.514,332.4,3.8,1.8,2002-04-09,0514,Terra,MODIS,85,6.2,292.6,174.1,D,0
21.8232,92.5119,335.1,3.8,1.8,2002-04-09,0514,Terra,MODIS,87,6.2,292.5,195.1,D,0
21.7998,92.5438,320.2,3.8,1.8,2002-04-09,0514,Terra,MODIS,44,6.2,293.2,78.5,D,0
21.7909,92.5059,339.8,3.8,1.8,2002-04-09,0514,Terra,MODIS,90,6.2,294,247.5,D,0
21.7983,92.5129,360.8,3.8,1.8,2002-04-09,0514,Terra,MODIS,100,6.2,294.7,558.3,D,0
22.0164,92.5582,304,1,1,2002-04-09,1609,Terra,MODIS,58,6.2,291.3,4.9,N,0
23.6264,92.0317,307.4,1,1,2002-04-09,1610,Terra,MODIS,71,6.2,292.7,7.6,N,0
22.0158,92.5549,323.4,1.4,1.2,2002-04-10,0419,Terra,MODIS,62,6.2,299.8,22.2,D,0
22.6038,91.6841,321.2,1.6,1.2,2002-04-10,0419,Terra,MODIS,73,6.2,295,23.2,D,0
22.0022,92.3222,343.8,1.4,1.2,2002-04-10,0419,Terra,MODIS,91,6.2,297.9,69.9,D,0
23.6846,91.9419,321.9,1.2,1.1,2002-04-13,0449,Terra,MODIS,76,6.2,298.5,18.1,D,0
23.5013,89.6256,320.9,1,1,2002-04-13,0449,Terra,MODIS,71,6.2,304.2,7.6,D,0
23.3662,92.3021,318.7,1.3,1.1,2002-04-13,0449,Terra,MODIS,69,6.2,298.7,14.1,D,0
23.3762,92.3038,323.4,1.3,1.1,2002-04-13,0449,Terra,MODIS,78,6.2,299.2,20.7,D,0
24.1169,91.4198,315.7,1.1,1.1,2002-04-13,0449,Terra,MODIS,66,6.2,299.8,7.7,D,0
23.0332,92.3258,313,1.3,1.1,2002-04-13,0449,Terra,MODIS,58,6.2,298,7.7,D,0
23.7034,92.106,319.7,4.2,1.9,2002-04-16,0520,Terra,MODIS,70,6.2,288.1,103.8,D,0
22.0626,92.3675,303.4,1.1,1,2002-04-16,1615,Terra,MODIS,52,6.2,291.4,5.7,N,0
21.6071,92.3936,309.3,1.1,1,2002-04-16,1615,Terra,MODIS,77,6.2,293.3,8.6,N,0
22.1975,92.4781,304.2,1.1,1,2002-04-16,1615,Terra,MODIS,59,6.2,292.5,5.8,N,0
21.6164,92.3922,307.3,1.1,1,2002-04-16,1615,Terra,MODIS,71,6.2,293.3,7,N,0
22.2212,92.3946,304.2,1.1,1,2002-04-16,1615,Terra,MODIS,59,6.2,292.1,5.9,N,0
22.2225,92.4049,307.3,1.1,1,2002-04-16,1615,Terra,MODIS,71,6.2,292.3,8.2,N,0
22.2159,92.4011,311.1,1.1,1,2002-04-16,1615,Terra,MODIS,82,6.2,292.3,10.4,N,0
21.8645,92.521,302.2,1.1,1,2002-04-16,1615,Terra,MODIS,48,6.2,291.9,4.2,N,0
23.3941,92.1659,300.6,1.1,1,2002-04-16,1616,Terra,MODIS,27,6.2,288.1,3.3,N,0
23.5189,92.0543,307.4,1.1,1,2002-04-16,1616,Terra,MODIS,71,6.2,288,8.6,N,0
22.78,91.8804,308.8,1.1,1,2002-04-16,1616,Terra,MODIS,75,6.2,294.6,7.5,N,0
23.5203,92.0649,303.2,1.1,1,2002-04-16,1616,Terra,MODIS,39,6.2,287.7,5.6,N,0
22.3398,92.3807,307.3,1.1,1,2002-04-16,1616,Terra,MODIS,71,6.2,293.4,7.6,N,0
22.0863,92.4786,319.2,1.1,1.1,2002-04-17,0425,Terra,MODIS,72,6.2,301,10.1,D,0
21.9911,92.5418,321.4,1.1,1.1,2002-04-17,0425,Terra,MODIS,75,6.2,298.1,12.8,D,0
22.1557,92.4286,319.9,1.1,1.1,2002-04-17,0425,Terra,MODIS,74,6.2,301.7,10.1,D,0
21.6519,92.4584,326.8,3,1.6,2002-04-18,0508,Terra,MODIS,80,6.2,297.1,91.7,D,0
22.0898,92.4976,322,2.9,1.6,2002-04-18,0508,Terra,MODIS,74,6.2,299,58.6,D,0
21.6505,92.4539,323.5,3,1.6,2002-04-18,0508,Terra,MODIS,76,6.2,297.5,73.8,D,0
21.478,92.5653,307.5,1,1,2002-04-18,1603,Terra,MODIS,71,6.2,294.8,6.2,N,0
21.5141,92.559,306.2,1,1,2002-04-18,1603,Terra,MODIS,67,6.2,295,5.5,N,0
22.2263,92.3538,329.9,1.8,1.3,2002-04-19,0413,Terra,MODIS,80,6.2,298.8,44.3,D,0
22.3644,92.3595,316.8,1.8,1.3,2002-04-19,0413,Terra,MODIS,53,6.2,298.6,12.4,D,0
21.9667,92.3362,365.8,1.8,1.3,2002-04-19,0413,Terra,MODIS,100,6.2,299.9,216,D,0
21.955,92.3347,321.1,1.8,1.3,2002-04-19,0413,Terra,MODIS,67,6.2,297.3,23.6,D,0
22.2243,92.3713,330.6,1.8,1.3,2002-04-19,0413,Terra,MODIS,80,6.2,299.1,46.1,D,0
23.7012,92.1622,344.1,1.5,1.2,2002-04-20,0455,Terra,MODIS,92,6.2,296.6,83.3,D,0
22.1118,92.3738,327.4,1.7,1.3,2002-04-20,0456,Terra,MODIS,79,6.2,290.7,42.5,D,0
22.1112,92.3849,320.4,1.7,1.3,2002-04-20,0456,Terra,MODIS,70,6.2,290.8,25.9,D,0
22.0405,92.3202,322.3,1.7,1.3,2002-04-20,0456,Terra,MODIS,73,6.2,290.9,31,D,0
22.1141,92.3686,317.5,1.7,1.3,2002-04-20,0456,Terra,MODIS,64,6.2,289.6,20.2,D,0
23.3556,89.053,318.5,1,1,2002-04-29,0449,Terra,MODIS,57,6.2,298,7.7,D,0
21.4273,92.5215,323.2,1.4,1.2,2002-04-29,0450,Terra,MODIS,72,6.2,299.8,23.1,D,0
22.1469,92.2687,324.3,1.3,1.1,2002-04-29,0450,Terra,MODIS,75,6.2,298.7,20.5,D,0
22.032,92.2005,330,1,1,2002-05-01,0437,Terra,MODIS,81,6.2,304,18.3,D,0
24.8307,89.6393,317.1,1,1,2002-05-08,0443,Terra,MODIS,0,6.2,300.4,7,D,0
25.212,89.673,324.9,1.2,1.1,2002-05-17,0437,Terra,MODIS,0,6.2,303.1,12.3,D,0
24.1349,89.0032,315.5,1.5,1.2,2002-06-21,0507,Terra,MODIS,0,6.2,295.5,10.1,D,0
23.7106,90.4229,315.3,1.5,1.2,2002-09-02,0501,Terra,MODIS,23,6.2,295.6,15.1,D,0
24.4003,89.7437,315.6,1.1,1,2002-09-19,0712,Aqua,MODIS,0,6.2,297.7,5.8,D,0
21.7558,91.843,311.8,1,1,2002-10-01,0431,Terra,MODIS,33,6.2,297.1,6.1,D,3
22.9496,90.9936,305.2,1.1,1.1,2002-10-03,1933,Aqua,MODIS,63,6.2,294.1,4.4,N,0
21.8794,91.9271,306.9,1.1,1,2002-10-30,0705,Aqua,MODIS,0,6.2,296,2.6,D,0
25.8125,89.4119,311.5,1,1,2002-11-04,0724,Aqua,MODIS,35,6.2,298.5,5.9,D,0
25.0127,89.6931,309.9,1,1,2002-11-04,0724,Aqua,MODIS,40,6.2,299.1,4.4,D,0
25.3906,89.7022,310,1.1,1,2002-11-04,0724,Aqua,MODIS,0,6.2,297.2,4.5,D,0
25.4851,89.6578,313.2,1.3,1.1,2002-11-05,0501,Terra,MODIS,0,6.2,302.2,10.2,D,0
25.4881,89.6639,308.3,1,1,2002-11-16,0442,Terra,MODIS,0,6.2,297.8,4.8,D,0
24.2737,89.0486,308.4,1.9,1.3,2002-11-19,0513,Terra,MODIS,54,6.2,295.7,12,D,0
23.4558,91.9202,319.2,1.5,1.2,2002-11-22,1920,Aqua,MODIS,98,6.2,288.6,35.6,N,0
23.458,91.9263,310.1,1.5,1.2,2002-11-22,1920,Aqua,MODIS,79,6.2,287.7,21.5,N,0
24.3337,91.3364,311.4,1.5,1.2,2002-11-27,0730,Aqua,MODIS,61,6.2,299.6,8.9,D,0
23.8695,91.0447,315.1,1.1,1,2002-12-01,0705,Aqua,MODIS,69,6.2,299.5,9.7,D,0
23.7734,90.9037,312.8,1.1,1.1,2002-12-01,0705,Aqua,MODIS,58,6.2,299.2,5.5,D,0
23.395,90.9055,307.2,1,1,2002-12-08,0711,Aqua,MODIS,53,6.2,296.6,3.9,D,0
23.0853,91.2443,304.5,1,1,2002-12-08,0711,Aqua,MODIS,37,6.2,294.5,1.9,D,0
24.4633,89.3075,313.2,1,1,2002-12-09,0449,Terra,MODIS,68,6.2,297.3,7.8,D,0
24.6187,89.0961,307.7,1.7,1.3,2002-12-10,0659,Aqua,MODIS,39,6.2,296.3,7.8,D,0
24.6186,89.0838,308.2,1.7,1.3,2002-12-10,0659,Aqua,MODIS,27,6.2,295.7,8,D,0
24.7118,88.9662,316,1.1,1.1,2002-12-13,0730,Aqua,MODIS,68,6.2,298.8,10,D,0
22.5332,92.151,305.6,1.1,1,2002-12-15,0717,Aqua,MODIS,53,6.2,290.6,5.2,D,0
24.5326,91.7482,311.7,1,1,2002-12-17,0705,Aqua,MODIS,67,6.2,296.7,7.3,D,0
24.059,89.6673,306.4,1.3,1.1,2002-12-17,0705,Aqua,MODIS,0,6.2,294.8,4.8,D,0
24.6563,89.0629,323.1,1.4,1.2,2002-12-17,0705,Aqua,MODIS,74,6.2,293.9,24.9,D,0
24.6541,89.0497,323.4,1.4,1.2,2002-12-17,0705,Aqua,MODIS,75,6.2,297.8,25.3,D,0
24.6964,88.9863,311.2,1.4,1.2,2002-12-17,0705,Aqua,MODIS,59,6.2,298.4,7.2,D,0
24.4659,89.3347,311.6,1.3,1.1,2002-12-17,0705,Aqua,MODIS,64,6.2,295.2,9.1,D,0
24.5132,89.2757,308.2,2.3,1.5,2002-12-18,0748,Aqua,MODIS,55,6.2,295.4,13.8,D,0
22.603,92.1154,309.7,1,1,2002-12-24,0711,Aqua,MODIS,67,6.2,296.5,6.7,D,0
22.6044,92.125,306.2,1,1,2002-12-24,0711,Aqua,MODIS,59,6.2,295.3,4.6,D,0
24.519,91.5783,307.8,1.2,1.1,2002-12-26,0659,Aqua,MODIS,59,6.2,296.7,5.7,D,0
24.3046,88.7615,304.8,1.1,1,2002-12-29,0730,Aqua,MODIS,29,6.2,292.4,3.8,D,0
